{"data": [{"time": "2018-10-13T21:21:59+0000", "content": "Trying out @theTunnelBear so I can browse privately from my ISP https://t.co/icUd5Mzs5l https://t.co/L7KdRnfqDt", "platform": "Twitter"}, {"time": "2018-08-28T16:36:56+0000", "content": "@TMobile @Predator #TMobileTuesdays #Contest! Gotta win!", "platform": "Twitter"}, {"time": "2018-08-07T16:02:05+0000", "content": "itel P32 and $500 Amazon gift card international giveaway @androidauth #giveaway https://t.co/JonAhPsosA", "platform": "Twitter"}, {"time": "2018-07-28T02:00:23+0000", "content": "Android Police and Satechi are giving away headphones, wireless chargers, and more! https://t.co/HtI0sX1iqL", "platform": "Twitter"}, {"time": "2018-07-27T18:02:47+0000", "content": "Android Police and Plex are giving away two lifetime Plex Passes plus a 2TB WD My Cloud Home NAS! https://t.co/znYO52kNNa", "platform": "Twitter"}, {"time": "2018-07-26T22:41:17+0000", "content": "I entered to win this amazing PC Upgrade bundle from JayzTwoCents! https://t.co/25nTByRAES", "platform": "Twitter"}, {"time": "2018-03-20T05:49:10+0000", "content": "https://t.co/BwdR8Nx3kI", "platform": "Twitter"}, {"time": "2018-02-25T00:57:34+0000", "content": "Wondershare Filmora 8.5.3.0 Crack   Registration Code 2018 https://t.co/uU8nHZbT1m", "platform": "Twitter"}, {"time": "2018-01-13T15:25:47+0000", "content": "Hit the link for a chance to win an amazing XPS 13 (9370) laptop from @WindowsCentral! https://t.co/XRWWNUExfy", "platform": "Twitter"}, {"time": "2018-01-05T19:34:07+0000", "content": "Android Police and Iconic are giving away a bunch of USB-C to HDMI cables https://t.co/63Bov0zlP3", "platform": "Twitter"}, {"time": "2017-12-31T18:51:59+0000", "content": "OnePlus 5T International Giveaway @androidauth #giveaway https://t.co/oKstpgkrt3", "platform": "Twitter"}, {"time": "2017-12-16T01:50:13+0000", "content": "RT @AndruEdwards: The Mega Smartphone #Giveaway is live! \ud83d\udcf2 Enter to win an #iPhoneX, #Note8, or #Pixel2! https://t.co/QMOKy4zNnE It\u2019s a Chr\u2026", "platform": "Twitter"}, {"time": "2017-12-08T03:25:36+0000", "content": " eat fluffies\nIn other news, if you're a quiz bowl member, remember the club photo is tomorrow at lunch.", "platform": "Facebook"}, {"time": "2017-11-26T22:59:38+0000", "content": "Pixel 2 XL + Google Home Mini International Giveaway @androidauth #giveaway https://t.co/bKYKGG2W9Q", "platform": "Twitter"}, {"time": "2017-11-15T03:33:15+0000", "content": " eat some yogurt, help some cool kids ;) It's this Friday (11/17), don't forget to bring the official flyer (not the profile pic)! Digital copy is okay. https://drive.google.com/file/d/0B2V2xPCWESTiM0ljZndCSmxnRHBudlpMajF6YTVDUzh6QTJB/view", "platform": "Facebook"}, {"time": "2017-11-12T21:39:22+0000", "content": "Google Pixel 2 International Giveaway @androidauth #giveaway https://t.co/R7RNkFYqb7", "platform": "Twitter"}, {"time": "2017-10-11T23:09:50+0000", "content": "I just entered to win a MacBook prize package from @TechnoBuffalo &amp; @nvidia https://t.co/7jiXDR7GxM", "platform": "Twitter"}, {"time": "2017-09-27T00:22:07+0000", "content": " show up, cool kids only", "platform": "Facebook"}, {"time": "2017-09-25T01:00:10+0000", "content": "I just entered to win a prize package from @TechnoBuffalo &amp; @kingstontech https://t.co/Hr4tQTf7Tp", "platform": "Twitter"}, {"time": "2017-09-05T06:03:05+0000", "content": "RT @ZacksJerryRig: The BlackBerry #KeyONE screen swap was a success. One random retweeter of this tweet gets to keep the phone! (Winner pic\u2026", "platform": "Twitter"}, {"time": "2017-09-03T17:10:21+0000", "content": "I just entered to win a digital movie bundle from @TechnoBuffalo &amp; @eufyofficial https://t.co/dQSq4b3Y0w", "platform": "Twitter"}, {"time": "2017-08-28T00:43:56+0000", "content": " In North American folklore, people who eat this food become creatures called wendigos. Past instances of eating the food were mostly out of extreme need; however, some Mesoamerican civilizations are known for their consumption of this food in religious practices. Today, eating this food is considered taboo. What is this source that Hannibal Lecter is known for eating?\n.\n.\n.\n.\n.\n.\n.\n.\nAnswer: Humans", "platform": "Facebook"}, {"time": "2017-08-20T02:33:03+0000", "content": "Switched to Ting for the great service and prices! @tingFTW #TingIt https://t.co/qhOHHD6bS4", "platform": "Twitter"}, {"time": "2017-07-31T07:14:58+0000", "content": "Google Pixel International Giveaway @androidauth #giveaway https://t.co/r9MmQzZfvR", "platform": "Twitter"}, {"time": "2017-04-28T22:44:44+0000", "content": " :|", "platform": "Facebook"}, {"time": "2017-04-27T01:18:37+0000", "content": " Here's the actual EO:\nhttps://www.whitehouse.gov/the-press-office/2017/04/26/presidential-executive-order-review-designations-under-antiquities-act", "platform": "Facebook"}, {"time": "2017-04-04T04:59:33+0000", "content": " Good whatever time of day it may be! Starting April 4-7, EVHS GIRL UP along with Camions of Care, now known as PERIOD, will be hosting a Menstrual Product Drive in the valley at lunch. Please drop by and donate, whether it be a few dollars or an actual pad or tampon. I'm lazy and you probably don't want to read all this, so here's a video on why all this is necessary. Also, please check out Girl Up and PERIOD's websites to better understand their missions and how they're making a change in today's society. :) <3 \n", "platform": "Facebook"}, {"time": "2017-01-30T23:55:38+0000", "content": " We're having a CITI CAFE fundraiser Friday, Feruary 3rd from 2-7:30. Please drop by and support the team. We really need money because robots are expensive and we are going to an important competition. Please put your receipts in the jar. Do tell your friends and family. Thanks, thanks, much appreciate. https://www.facebook.com/events/263113604123409/", "platform": "Facebook"}, {"time": "2016-12-04T02:31:43+0000", "content": " New season, new team photo!\n\nOur November competition was postponed to later date so Team Athena competed for our first time this season today!! Throughout Thanksgiving break, the team met up multiple times to add new parts and fix minor problems with driving. The robot now drives very smoothly and is able to successfully get balls in and out of its shooting mechanism. It was exciting to present our robot to the world! FTC 9657 Athena Robotics updated their cover photo.", "platform": "Facebook"}, {"time": "2016-08-21T03:36:51+0000", "content": " Robotics = <3\nCome play with metal, saws, and electricity! All while not wearing protective gear!\nReally though, be safe, wear protective gear no matter how uncomfortable.", "platform": "Facebook"}, {"time": "2016-08-20T21:19:28+0000", "content": " Do it.", "platform": "Facebook"}, {"time": "2016-04-26T00:21:55+0000", "content": " Athena Robotics is the proud recipient of the $1,000 grant from The Dow Chemical Company's  #ShapeTheFuture contest! We are so grateful to everyone who has voted and supported us, we couldn't have done it without you. This is an incredible opportunity given to us by DOW, especially since we are a first year team. We thank you all so much and look forward to an awesome season! We can't wait to put the money to good use, making an incredible robot for the next build season!\n\nGood job to all our members, but especially Greta  and Kaitlyn who put a lot of effort in making the video! FTC 9657 Athena Robotics is with Kaitlyn Gunadhi and 9 others.", "platform": "Facebook"}, {"time": "2016-04-18T16:23:24+0000", "content": " Hi everyone,\n\nWe would be extremly grateful if you took a few seconds out of your time everyday to vote for FTC 9657: Team Athena on DOW365's #ShapeTheFuture contest! The contest runs on votes so we would greatly appreciate it if you would vote and share this to as many people as you know.\n\nVOTING ENDS APRIL 24!\nSo please vote EVERY 24 HOURS!\n\nFor the contest we worked hard to come up with the idea of the Micro Whale and bring the video to life!\n\nWith the money from the grant, Athena Robotics would buy materials needed for the build season. In the past build season there were many designs and ides that we could not see through because we did not have adequate funding. We would not like this issue to prevent us from building a successful robot in the future. We would also use our funds for outreaches.\n\nWe thank DOW365 for giving us this opportunity!", "platform": "Facebook"}, {"time": "2015-11-08T06:31:54+0000", "content": " Happy birthday to our mentor Bhudeb Mukhopadhyay! FTC 9657 Athena Robotics is with Kaitlyn Gunadhi and 4 others.", "platform": "Facebook"}, {"time": "2015-10-24T23:26:30+0000", "content": " FTC 9657 Athena Robotics added a new photo \u2014 with Labanya Mukhopadhyay and 7 others.", "platform": "Facebook"}, {"time": "2015-10-04T01:14:06+0000", "content": " Athena meeting today! We developed strategies, planned designs, and looked at software. Oh and ate food, of course FTC 9657 Athena Robotics is with Kaitlyn Gunadhi and 9 others.", "platform": "Facebook"}]}